date,target,author,message
2023-03-22 12:27:23.914938,KIX-M,admin,abcaaaa
2023-03-22 12:27:23.915927,KIX-D,admin,12345789
2023-03-22 18:55:01.682063,KIX-M,admin,"abcaaaa
151321213"
2023-03-22 18:55:01.682063,KIX-D,admin,"12345789
fdsfdsasa"
2023-03-22 18:56:24.256403,KIX-M,admin,"abcaaaa
151321213
jfkjaslfkaslkdfsa"
2023-03-22 18:56:24.256403,KIX-D,admin,"12345789
fdsfdsasa
232131231"
2023-03-22 20:36:37.413649,KIX-M,admin,"abcaaaa
151321213
jfkjaslfkaslkdfsa
212132131232131"
2023-03-22 20:36:37.413649,KIX-D,admin,"12345789
fdsfdsasa
232131231"
2023-03-22 20:36:47.273273,KIX-M,admin,"abcaaaa
151321213
jfkjaslfkaslkdfsa
212132131232131"
2023-03-22 20:36:47.273273,KIX-D,admin,"12345789
fdsfdsasa
232131231
dfsafasfasfdsaf"
2023-03-22 20:37:19.084662,KIX-M,admin,"abcaaaa
151321213
jfkjaslfkaslkdfsa
212132131232131"
2023-03-22 20:37:19.085679,KIX-D,admin,"12345789
fdsfdsasa
232131231
dfsafasfasfdsaf

fdsfasfsafa"
2023-03-22 20:37:27.709646,KIX-M,admin,"abcaaaa
151321213
jfkjaslfkaslkdfsa
212132131232131
      
      
      
      fsfsdfsd"
2023-03-22 20:37:27.710658,KIX-D,admin,"12345789
fdsfdsasa
232131231
dfsafasfasfdsaf

fdsfasfsafa"
2023-03-22 20:38:37.982109,KIX-M,admin,"abcaaaa
151321213
jfkjaslfkaslkdfsa
212132131232131
      
      
      
      fsfsdfsd"
2023-03-22 20:38:37.982109,KIX-D,admin,"12345789
fdsfdsasa
232131231
dfsafasfasfdsaf

fdsfasfsafa
      dgfdgdg"
2023-03-22 20:38:45.407637,KIX-M,admin,"abcaaaa
151321213
jfkjaslfkaslkdfsa
212132131232131
      
      
      
      fsfsdfsd
fdsflsdjfsdlfjslkdfjlskgfdgd"
2023-03-22 20:38:45.407637,KIX-D,admin,"12345789
fdsfdsasa
232131231
dfsafasfasfdsaf

fdsfasfsafa"
2023-03-22 20:40:12.857689,KIX-M,admin,"abcaaaa
151321213
jfkjaslfkaslkdfsa
212132131232131
      
      
      
      fsfsdfsd
fdsflsdjfsdlfjslkdfjlskgfdgd


aaaaaaaa"
2023-03-22 20:40:12.857689,KIX-D,admin,"12345789
fdsfdsasa
232131231
dfsafasfasfdsaf

fdsfasfsafa"
2023-03-22 20:40:33.593127,KIX-M,admin,"abcaaaa
151321213
jfkjaslfkaslkdfsa
212132131232131
      
      
      
      fsfsdfsd
fdsflsdjfsdlfjslkdfjlskgfdgd"
2023-03-22 20:40:33.593127,KIX-D,admin,"12345789
fdsfdsasa
232131231
dfsafasfasfdsaf

fdsfasfsafa
     

bbbbbbbbbbb"
2023-03-24 12:36:29.645293,KIX-M,admin,"abcaaaa
151321213
jfkjaslfkaslkdfsa
212132131232131
      
      
      
      fsfsdfsd
fdsflsdjfsdlfjslkdfjlskgfdgd
1111111"
2023-03-24 12:36:38.855430,KIX-D,admin,"12345789
fdsfdsasa
232131231
dfsafasfasfdsaf

fdsfasfsafa
     

bbbbbbbbbbb
000000"
2023-03-24 12:37:26.667803,KIX-M,admin,"abcaaaa
151321213
jfkjaslfkaslkdfsa
212132131232131
      
      
      
      fsfsdfsd
fdsflsdjfsdlfjslkdfjlskgfdgd
1111111
1111111"
2023-03-24 12:37:34.008309,KIX-D,admin,"12345789
fdsfdsasa
232131231
dfsafasfasfdsaf

fdsfasfsafa
     

bbbbbbbbbbb
000000
222222"
2023-03-24 12:43:15.753654,KIX-M,admin,"abcaaaa
151321213
jfkjaslfkaslkdfsa
212132131232131
      
      
      
      fsfsdfsd
fdsflsdjfsdlfjslkdfjlskgfdgd
1111111
1111111
333333"
2023-03-24 12:43:22.532134,KIX-D,admin,"12345789
fdsfdsasa
232131231
dfsafasfasfdsaf

fdsfasfsafa
     

bbbbbbbbbbb
000000
222222
4444444"
2023-03-24 12:46:35.955309,KIX-M,admin,"abcaaaa
151321213
jfkjaslfkaslkdfsa
212132131232131
      
      
      
      fsfsdfsd
fdsflsdjfsdlfjslkdfjlskgfdgd
1111111
1111111
333333
‚R‚R‚R‚R‚R‚R"
2023-03-24 12:46:44.505902,KIX-D,admin,"12345789
fdsfdsasa
232131231
dfsafasfasfdsaf

fdsfasfsafa
     

bbbbbbbbbbb
000000
222222
4444444


‚„‚“‚„‚“‚„‚“‚†‚“‚¾‚Œ"
2023-03-24 12:50:42.498894,KIX-M,admin,"abcaaaa
151321213
jfkjaslfkaslkdfsa
212132131232131
      
      
      
      fsfsdfsd
fdsflsdjfsdlfjslkdfjlskgfdgd
1111111
1111111
333333
‚R‚R‚R‚R‚R‚R"
2023-03-24 12:50:44.861096,KIX-D,admin,"12345789
fdsfdsasa
232131231
dfsafasfasfdsaf

fdsfasfsafa
     

bbbbbbbbbbb
000000
222222
4444444


‚„‚“‚„‚“‚„‚“‚†‚“‚¾‚Œ"
2023-03-24 12:50:51.567145,KIX-D,admin,"12345789
fdsfdsasa
232131231
dfsafasfasfdsaf

fdsfasfsafa
     

bbbbbbbbbbb
000000
222222
4444444"
